bank,file_start,file_end,cpu_start,cpu_end,classification,status,confidence,source_sha256,notes
0x00,0x000000,0x003fff,0x0000,0x3fff,header-and-code,fingerprinted,high,09a083624c4f84ccae99165d4091e7c5403aaf9ae44329a9349b4d59b4095436,bank_sha256=2ad30e7ca84ee2733d76695a5709ed152e86adedef75a8100ecb705257546fdc; entropy=7.101725; unique_bytes=256; zero_bytes=311; ff_bytes=141
0x01,0x004000,0x007fff,0x4000,0x7fff,unclassified,fingerprinted,low,09a083624c4f84ccae99165d4091e7c5403aaf9ae44329a9349b4d59b4095436,bank_sha256=d619e67438248b5257661961c4a0a2c5e08b33b7204c584c4053a5358a49ce7e; entropy=7.245623; unique_bytes=256; zero_bytes=643; ff_bytes=103
0x02,0x008000,0x00bfff,0x4000,0x7fff,unclassified,fingerprinted,low,09a083624c4f84ccae99165d4091e7c5403aaf9ae44329a9349b4d59b4095436,bank_sha256=ba0242166cc019f5b75180783aa0d8b50342aa8b9e2403734ed545ee7e144dca; entropy=7.00814; unique_bytes=256; zero_bytes=386; ff_bytes=269
0x03,0x00c000,0x00ffff,0x4000,0x7fff,unclassified,fingerprinted,low,09a083624c4f84ccae99165d4091e7c5403aaf9ae44329a9349b4d59b4095436,bank_sha256=09ca1c4df5cb7f7b453c030bc11c0277c992ad3062a0dbe45530455f2e189d9c; entropy=7.362883; unique_bytes=256; zero_bytes=404; ff_bytes=303
0x04,0x010000,0x013fff,0x4000,0x7fff,unclassified,fingerprinted,low,09a083624c4f84ccae99165d4091e7c5403aaf9ae44329a9349b4d59b4095436,bank_sha256=68394ab3b80e15c5717f7eba786eb562aa3e18e7db87e7512e2588159bed7361; entropy=6.919092; unique_bytes=256; zero_bytes=1860; ff_bytes=474
0x05,0x014000,0x017fff,0x4000,0x7fff,unclassified,fingerprinted,low,09a083624c4f84ccae99165d4091e7c5403aaf9ae44329a9349b4d59b4095436,bank_sha256=ccf0b699800c124b0f994f65386865abb91246791673bf44f9662729b7e38fe9; entropy=6.341154; unique_bytes=256; zero_bytes=781; ff_bytes=165
0x06,0x018000,0x01bfff,0x4000,0x7fff,unclassified,fingerprinted,low,09a083624c4f84ccae99165d4091e7c5403aaf9ae44329a9349b4d59b4095436,bank_sha256=90104e9eebb569f692732a879966fea332b6330c78a1726f455d5cd7ba5d74cd; entropy=7.321353; unique_bytes=256; zero_bytes=378; ff_bytes=253
0x07,0x01c000,0x01ffff,0x4000,0x7fff,unclassified,fingerprinted,low,09a083624c4f84ccae99165d4091e7c5403aaf9ae44329a9349b4d59b4095436,bank_sha256=4e1cd48ffbe0bfd6ce5a130eb09dd089b633ffa204e196c05290a3ad0fe39edf; entropy=7.174797; unique_bytes=256; zero_bytes=359; ff_bytes=280
0x08,0x020000,0x023fff,0x4000,0x7fff,unclassified,fingerprinted,low,09a083624c4f84ccae99165d4091e7c5403aaf9ae44329a9349b4d59b4095436,bank_sha256=a097de9bf706bc350c8c7abea85d79c19f67cdbcb19a1ff3a21f4e0b335adbd5; entropy=7.121018; unique_bytes=256; zero_bytes=388; ff_bytes=386
0x09,0x024000,0x027fff,0x4000,0x7fff,unclassified,fingerprinted,low,09a083624c4f84ccae99165d4091e7c5403aaf9ae44329a9349b4d59b4095436,bank_sha256=51456cb2b1cea7dafd56b6d8cba92a7976772b792e585c3823488ac51673f952; entropy=7.826166; unique_bytes=256; zero_bytes=19; ff_bytes=195
0x0a,0x028000,0x02bfff,0x4000,0x7fff,unclassified,fingerprinted,low,09a083624c4f84ccae99165d4091e7c5403aaf9ae44329a9349b4d59b4095436,bank_sha256=f7b8884b94afb1e86548cd23da8ff500f2c47464f95e144dd51bc3cbaae5a91a; entropy=7.846132; unique_bytes=256; zero_bytes=59; ff_bytes=197
0x0b,0x02c000,0x02ffff,0x4000,0x7fff,unclassified,fingerprinted,low,09a083624c4f84ccae99165d4091e7c5403aaf9ae44329a9349b4d59b4095436,bank_sha256=0e76e5260edfd35fe6c70c67ff4416f547e32370dd0a9467a4fdf510c381a29f; entropy=7.838343; unique_bytes=256; zero_bytes=27; ff_bytes=289
0x0c,0x030000,0x033fff,0x4000,0x7fff,unclassified,fingerprinted,low,09a083624c4f84ccae99165d4091e7c5403aaf9ae44329a9349b4d59b4095436,bank_sha256=54a26d70630ee53e9af56f218c91fc1b3a55549a154b94fc46e4b80d6c20eef2; entropy=7.836038; unique_bytes=256; zero_bytes=62; ff_bytes=245
0x0d,0x034000,0x037fff,0x4000,0x7fff,unclassified,fingerprinted,low,09a083624c4f84ccae99165d4091e7c5403aaf9ae44329a9349b4d59b4095436,bank_sha256=b99b6e3cd309cfd77feff7284c67d093fe0ff169a87d69a746550e0cb3e25d2c; entropy=7.813049; unique_bytes=256; zero_bytes=189; ff_bytes=436
0x0e,0x038000,0x03bfff,0x4000,0x7fff,unclassified,fingerprinted,low,09a083624c4f84ccae99165d4091e7c5403aaf9ae44329a9349b4d59b4095436,bank_sha256=993a5ca422772b1764404f9799a1869780138c8473dff61d0621215a6a397d80; entropy=7.123161; unique_bytes=256; zero_bytes=2049; ff_bytes=368
0x0f,0x03c000,0x03ffff,0x4000,0x7fff,unclassified,fingerprinted,low,09a083624c4f84ccae99165d4091e7c5403aaf9ae44329a9349b4d59b4095436,bank_sha256=e789bd4f6fb1b4da1d213b0efe53167294bbc6e2c78c659c12a6af6ac9f5b8d2; entropy=7.064173; unique_bytes=256; zero_bytes=283; ff_bytes=56
0x10,0x040000,0x043fff,0x4000,0x7fff,unclassified,fingerprinted,low,09a083624c4f84ccae99165d4091e7c5403aaf9ae44329a9349b4d59b4095436,bank_sha256=a99337747c7ac811ab437f2404aa8acb7633c260f7b8411c014a88b3ad18d169; entropy=7.245338; unique_bytes=256; zero_bytes=381; ff_bytes=219
0x11,0x044000,0x047fff,0x4000,0x7fff,unclassified,fingerprinted,low,09a083624c4f84ccae99165d4091e7c5403aaf9ae44329a9349b4d59b4095436,bank_sha256=77532d63c560970ce752041a9541e485fe89e6b1a34612e98fbaaf199cf1880e; entropy=7.312309; unique_bytes=256; zero_bytes=332; ff_bytes=352
0x12,0x048000,0x04bfff,0x4000,0x7fff,unclassified,fingerprinted,low,09a083624c4f84ccae99165d4091e7c5403aaf9ae44329a9349b4d59b4095436,bank_sha256=29209225e06ca024e53ffd5fc81196a81e73ea74ffe3af5597b255bc2b0a8aa9; entropy=7.157293; unique_bytes=255; zero_bytes=388; ff_bytes=293
0x13,0x04c000,0x04ffff,0x4000,0x7fff,unclassified,fingerprinted,low,09a083624c4f84ccae99165d4091e7c5403aaf9ae44329a9349b4d59b4095436,bank_sha256=12092cd60805c98d2cfe7f0ff7efba006732f1a7211ab7a46ee5c6dc18e7d624; entropy=7.821889; unique_bytes=256; zero_bytes=19; ff_bytes=353
0x14,0x050000,0x053fff,0x4000,0x7fff,unclassified,fingerprinted,low,09a083624c4f84ccae99165d4091e7c5403aaf9ae44329a9349b4d59b4095436,bank_sha256=e3afa06da5c2650c394e85b68c34034d28616bca0cb39f623d47c3ef4952cfa5; entropy=7.324214; unique_bytes=256; zero_bytes=347; ff_bytes=239
0x15,0x054000,0x057fff,0x4000,0x7fff,unclassified,fingerprinted,low,09a083624c4f84ccae99165d4091e7c5403aaf9ae44329a9349b4d59b4095436,bank_sha256=4b5ba41646b3580d009c983c0e06efa45d40da4fd160933821a0c0b686a2e9af; entropy=7.157818; unique_bytes=256; zero_bytes=401; ff_bytes=212
0x16,0x058000,0x05bfff,0x4000,0x7fff,unclassified,fingerprinted,low,09a083624c4f84ccae99165d4091e7c5403aaf9ae44329a9349b4d59b4095436,bank_sha256=19564f21a62512e5d9566900f44861549c7dadb34bed8821cf7d570b7e99d351; entropy=7.162271; unique_bytes=256; zero_bytes=380; ff_bytes=217
0x17,0x05c000,0x05ffff,0x4000,0x7fff,unclassified,fingerprinted,low,09a083624c4f84ccae99165d4091e7c5403aaf9ae44329a9349b4d59b4095436,bank_sha256=7f4fb877f3a74f48fd48aebf928771cfd13909756acff11144d95f06d161aa75; entropy=7.137666; unique_bytes=256; zero_bytes=338; ff_bytes=334
0x18,0x060000,0x063fff,0x4000,0x7fff,unclassified,fingerprinted,low,09a083624c4f84ccae99165d4091e7c5403aaf9ae44329a9349b4d59b4095436,bank_sha256=2e9af71f1a6b06a3b10e38fc4aa16b42463b087d9b4201e1ec6eba04755cf7e2; entropy=7.073796; unique_bytes=256; zero_bytes=340; ff_bytes=251
0x19,0x064000,0x067fff,0x4000,0x7fff,unclassified,fingerprinted,low,09a083624c4f84ccae99165d4091e7c5403aaf9ae44329a9349b4d59b4095436,bank_sha256=a97c5de61bb95677070d025aa7ca839c4067047ead86f6e6bb4f3902d44117d3; entropy=6.501308; unique_bytes=253; zero_bytes=1505; ff_bytes=1583
0x1a,0x068000,0x06bfff,0x4000,0x7fff,unclassified,fingerprinted,low,09a083624c4f84ccae99165d4091e7c5403aaf9ae44329a9349b4d59b4095436,bank_sha256=c3df7049fe5a8b6a64445a4653e0c274d0855df45591cdef949464013547fd00; entropy=6.371756; unique_bytes=256; zero_bytes=1035; ff_bytes=1294
0x1b,0x06c000,0x06ffff,0x4000,0x7fff,unclassified,fingerprinted,low,09a083624c4f84ccae99165d4091e7c5403aaf9ae44329a9349b4d59b4095436,bank_sha256=467f81554dc60b70c05127425e915d4f727b303ea88caa4e988b7dbfaeb4dc8e; entropy=6.201428; unique_bytes=255; zero_bytes=1420; ff_bytes=1810
0x1c,0x070000,0x073fff,0x4000,0x7fff,unclassified,fingerprinted,low,09a083624c4f84ccae99165d4091e7c5403aaf9ae44329a9349b4d59b4095436,bank_sha256=b21c97d17163f04d9021de9d6fa04721682c41b446f32cade6c1cf1ce6e81899; entropy=6.895177; unique_bytes=256; zero_bytes=2037; ff_bytes=602
0x1d,0x074000,0x077fff,0x4000,0x7fff,unclassified,fingerprinted,low,09a083624c4f84ccae99165d4091e7c5403aaf9ae44329a9349b4d59b4095436,bank_sha256=2d84e654d134e598734924aa447ecb1f9a12287c00326086df14eae072524f82; entropy=7.136241; unique_bytes=256; zero_bytes=316; ff_bytes=237
0x1e,0x078000,0x07bfff,0x4000,0x7fff,unclassified,fingerprinted,low,09a083624c4f84ccae99165d4091e7c5403aaf9ae44329a9349b4d59b4095436,bank_sha256=8d91e887a0a20e44fc893971fec98b58566ce7b1bada6d06636199337d5091df; entropy=6.804032; unique_bytes=256; zero_bytes=2168; ff_bytes=619
0x1f,0x07c000,0x07ffff,0x4000,0x7fff,unclassified,fingerprinted,low,09a083624c4f84ccae99165d4091e7c5403aaf9ae44329a9349b4d59b4095436,bank_sha256=5f6bb86ecfeaeb7665f685ef0b56829970664f93b0ad7c5867fe0f0ac8896383; entropy=7.054755; unique_bytes=256; zero_bytes=440; ff_bytes=349
0x20,0x080000,0x083fff,0x4000,0x7fff,unclassified,fingerprinted,low,09a083624c4f84ccae99165d4091e7c5403aaf9ae44329a9349b4d59b4095436,bank_sha256=637f59a822786f7fb2d467c19db19c904edf029433c3ac9407d02c678c6fbcb9; entropy=6.954353; unique_bytes=256; zero_bytes=2179; ff_bytes=1102
0x21,0x084000,0x087fff,0x4000,0x7fff,unclassified,fingerprinted,low,09a083624c4f84ccae99165d4091e7c5403aaf9ae44329a9349b4d59b4095436,bank_sha256=9a8eb14f6fc90cd7c44ba3ae7c6a334c17cd116ab3739157cb36f369024bff1a; entropy=6.273657; unique_bytes=256; zero_bytes=2114; ff_bytes=2242
0x22,0x088000,0x08bfff,0x4000,0x7fff,unclassified,fingerprinted,low,09a083624c4f84ccae99165d4091e7c5403aaf9ae44329a9349b4d59b4095436,bank_sha256=682a7067ff1edc21b4d1e5a7d049cd614ac41564ee290b7ff617a28e3579d171; entropy=6.143633; unique_bytes=256; zero_bytes=2047; ff_bytes=2622
0x23,0x08c000,0x08ffff,0x4000,0x7fff,unclassified,fingerprinted,low,09a083624c4f84ccae99165d4091e7c5403aaf9ae44329a9349b4d59b4095436,bank_sha256=6deb0f52faf6be5c98e7911be0da51d12dfd4571c397f598a52402b0383b2ea6; entropy=5.986336; unique_bytes=249; zero_bytes=2084; ff_bytes=2209
0x24,0x090000,0x093fff,0x4000,0x7fff,unclassified,fingerprinted,low,09a083624c4f84ccae99165d4091e7c5403aaf9ae44329a9349b4d59b4095436,bank_sha256=cb66dd9192e38fb34782a722790b757f4e1434fff4bc53fd1b7997965912a7f5; entropy=6.104476; unique_bytes=256; zero_bytes=2391; ff_bytes=2598
0x25,0x094000,0x097fff,0x4000,0x7fff,unclassified,fingerprinted,low,09a083624c4f84ccae99165d4091e7c5403aaf9ae44329a9349b4d59b4095436,bank_sha256=817ef09391c034a76f69ed4d05388b286deaad0b8239d35a53f5fa72a775f30f; entropy=5.76999; unique_bytes=256; zero_bytes=3337; ff_bytes=3077
0x26,0x098000,0x09bfff,0x4000,0x7fff,unclassified,fingerprinted,low,09a083624c4f84ccae99165d4091e7c5403aaf9ae44329a9349b4d59b4095436,bank_sha256=190354ada52c39e0aed92bc6e0f312297e7b84960142112862f20f96a10ad295; entropy=7.652482; unique_bytes=256; zero_bytes=449; ff_bytes=566
0x27,0x09c000,0x09ffff,0x4000,0x7fff,unclassified,fingerprinted,low,09a083624c4f84ccae99165d4091e7c5403aaf9ae44329a9349b4d59b4095436,bank_sha256=aa96f09d9192015cf41d634a90a49ccb96198f9b0b9b7dd75deefd4fb4f2b6d2; entropy=7.683633; unique_bytes=256; zero_bytes=407; ff_bytes=517
0x28,0x0a0000,0x0a3fff,0x4000,0x7fff,unclassified,fingerprinted,low,09a083624c4f84ccae99165d4091e7c5403aaf9ae44329a9349b4d59b4095436,bank_sha256=151ce2e77dcfbd56bef15bef86df67fec48cb9af6b1d42f1cfb1fb608116180a; entropy=7.532106; unique_bytes=256; zero_bytes=515; ff_bytes=542
0x29,0x0a4000,0x0a7fff,0x4000,0x7fff,unclassified,fingerprinted,low,09a083624c4f84ccae99165d4091e7c5403aaf9ae44329a9349b4d59b4095436,bank_sha256=200dcb31676f0261faa546607af90e747befd8ae71b99632fd85bd782a559f40; entropy=7.461059; unique_bytes=256; zero_bytes=1184; ff_bytes=698
0x2a,0x0a8000,0x0abfff,0x4000,0x7fff,unclassified,fingerprinted,low,09a083624c4f84ccae99165d4091e7c5403aaf9ae44329a9349b4d59b4095436,bank_sha256=0368369e0156293fc0a28d4ba6c109b47b5d6223856d0bee9f444d349b0b23de; entropy=7.582851; unique_bytes=256; zero_bytes=712; ff_bytes=578
0x2b,0x0ac000,0x0affff,0x4000,0x7fff,unclassified,fingerprinted,low,09a083624c4f84ccae99165d4091e7c5403aaf9ae44329a9349b4d59b4095436,bank_sha256=1d66bdb05e841e68ed208676ac3b6baf413b2c93ba08d6a1636f80a133726d6e; entropy=7.628788; unique_bytes=256; zero_bytes=705; ff_bytes=315
0x2c,0x0b0000,0x0b3fff,0x4000,0x7fff,unclassified,fingerprinted,low,09a083624c4f84ccae99165d4091e7c5403aaf9ae44329a9349b4d59b4095436,bank_sha256=529a274a51a93198296a7ecd4264f1aaa2c155e518c5fb2e0a5387c946a6fe2c; entropy=7.62054; unique_bytes=256; zero_bytes=631; ff_bytes=451
0x2d,0x0b4000,0x0b7fff,0x4000,0x7fff,unclassified,fingerprinted,low,09a083624c4f84ccae99165d4091e7c5403aaf9ae44329a9349b4d59b4095436,bank_sha256=72aabcbc17fdb2bfcdb13d95697bbdeaa0af6e1d910356c79b0840fc64c937a9; entropy=7.584925; unique_bytes=256; zero_bytes=792; ff_bytes=292
0x2e,0x0b8000,0x0bbfff,0x4000,0x7fff,unclassified,fingerprinted,low,09a083624c4f84ccae99165d4091e7c5403aaf9ae44329a9349b4d59b4095436,bank_sha256=0fbf6650550e709e7c51e1a553a530e1348e043fb7ab8be6e8a5fa614c3d8e0d; entropy=7.684553; unique_bytes=256; zero_bytes=524; ff_bytes=336
0x2f,0x0bc000,0x0bffff,0x4000,0x7fff,unclassified,fingerprinted,low,09a083624c4f84ccae99165d4091e7c5403aaf9ae44329a9349b4d59b4095436,bank_sha256=c2fe1ac9f3d83c3043bd703d70786783e394365a237da1f97fec2497cd252d29; entropy=7.55682; unique_bytes=256; zero_bytes=879; ff_bytes=332
0x30,0x0c0000,0x0c3fff,0x4000,0x7fff,unclassified,fingerprinted,low,09a083624c4f84ccae99165d4091e7c5403aaf9ae44329a9349b4d59b4095436,bank_sha256=132779f933b8dd481abecd0bd626a4d0be9a934336a37ebcb9761638d6f5bd0c; entropy=7.348742; unique_bytes=256; zero_bytes=1097; ff_bytes=1092
0x31,0x0c4000,0x0c7fff,0x4000,0x7fff,unclassified,fingerprinted,low,09a083624c4f84ccae99165d4091e7c5403aaf9ae44329a9349b4d59b4095436,bank_sha256=8d752f695c0f83d627ef957b337c1267917def537aec26be21c6b932cacd1f9d; entropy=4.657193; unique_bytes=255; zero_bytes=5853; ff_bytes=1376
0x32,0x0c8000,0x0cbfff,0x4000,0x7fff,unclassified,fingerprinted,low,09a083624c4f84ccae99165d4091e7c5403aaf9ae44329a9349b4d59b4095436,bank_sha256=b65abde474c68e6afbbb890b3ac9e436aa46f41c37961d38d162499cfcd39e84; entropy=2.693239; unique_bytes=175; zero_bytes=9260; ff_bytes=2706
0x33,0x0cc000,0x0cffff,0x4000,0x7fff,unclassified,fingerprinted,low,09a083624c4f84ccae99165d4091e7c5403aaf9ae44329a9349b4d59b4095436,bank_sha256=d7e0c035e25f722ab1f8b1066233ae4cfdb567b49e2595ab662aa278db546ab4; entropy=3.579688; unique_bytes=231; zero_bytes=7642; ff_bytes=2409
0x34,0x0d0000,0x0d3fff,0x4000,0x7fff,unclassified,fingerprinted,low,09a083624c4f84ccae99165d4091e7c5403aaf9ae44329a9349b4d59b4095436,bank_sha256=0dd54ce3b98e91cd3ac0a19824e61f06b744235580f9a38f7d1610e350eda87b; entropy=5.660511; unique_bytes=256; zero_bytes=4498; ff_bytes=2007
0x35,0x0d4000,0x0d7fff,0x4000,0x7fff,unclassified,fingerprinted,low,09a083624c4f84ccae99165d4091e7c5403aaf9ae44329a9349b4d59b4095436,bank_sha256=f4175098b29230b2c44042c6acb98f36b683c505602b1fa5c40e291e568add8a; entropy=5.034199; unique_bytes=256; zero_bytes=6029; ff_bytes=1675
0x36,0x0d8000,0x0dbfff,0x4000,0x7fff,unclassified,fingerprinted,low,09a083624c4f84ccae99165d4091e7c5403aaf9ae44329a9349b4d59b4095436,bank_sha256=dae8a479acfba8d2764c73bfadd1a18543958661de400fe503cf5cb96d4ef3b0; entropy=3.720775; unique_bytes=252; zero_bytes=7197; ff_bytes=3363
0x37,0x0dc000,0x0dffff,0x4000,0x7fff,unclassified,fingerprinted,low,09a083624c4f84ccae99165d4091e7c5403aaf9ae44329a9349b4d59b4095436,bank_sha256=8f8ee44044d69242ca0ccd168179e7adefa57603b65b2c487443f68b84199d81; entropy=4.183316; unique_bytes=248; zero_bytes=6383; ff_bytes=2841
0x38,0x0e0000,0x0e3fff,0x4000,0x7fff,unclassified,fingerprinted,low,09a083624c4f84ccae99165d4091e7c5403aaf9ae44329a9349b4d59b4095436,bank_sha256=11c7cb86799698cd98b1062f968a4991668eaeb7540b149766dab31949a218e4; entropy=4.097924; unique_bytes=252; zero_bytes=6417; ff_bytes=3151
0x39,0x0e4000,0x0e7fff,0x4000,0x7fff,unclassified,fingerprinted,low,09a083624c4f84ccae99165d4091e7c5403aaf9ae44329a9349b4d59b4095436,bank_sha256=679606d6c23d13e6dcf323bbffcb363aa6e0b29edaf80841741729b13b79681e; entropy=5.278947; unique_bytes=255; zero_bytes=6141; ff_bytes=375
0x3a,0x0e8000,0x0ebfff,0x4000,0x7fff,unclassified,fingerprinted,low,09a083624c4f84ccae99165d4091e7c5403aaf9ae44329a9349b4d59b4095436,bank_sha256=ca2c513914edd0d2257dfb4d13b3f9254952c994e966f2f801ff91a85858c846; entropy=7.16684; unique_bytes=256; zero_bytes=1327; ff_bytes=999
0x3b,0x0ec000,0x0effff,0x4000,0x7fff,unclassified,fingerprinted,low,09a083624c4f84ccae99165d4091e7c5403aaf9ae44329a9349b4d59b4095436,bank_sha256=7331ecc0bf31b85d21f08e9e7b16204ce56c11e18bb29d0b93a88ae7a998a3e5; entropy=7.319191; unique_bytes=256; zero_bytes=590; ff_bytes=1038
0x3c,0x0f0000,0x0f3fff,0x4000,0x7fff,unclassified,fingerprinted,low,09a083624c4f84ccae99165d4091e7c5403aaf9ae44329a9349b4d59b4095436,bank_sha256=3361461d785dbaf5da79b9e5360c159057ba18bd1d8918615795bd92f2efef39; entropy=7.139993; unique_bytes=256; zero_bytes=1331; ff_bytes=481
0x3d,0x0f4000,0x0f7fff,0x4000,0x7fff,unclassified,fingerprinted,low,09a083624c4f84ccae99165d4091e7c5403aaf9ae44329a9349b4d59b4095436,bank_sha256=549999fb58db18bfd47ac8597d85d955341223bada96b5417a36a47718baed1d; entropy=7.512248; unique_bytes=256; zero_bytes=590; ff_bytes=553
0x3e,0x0f8000,0x0fbfff,0x4000,0x7fff,unclassified,fingerprinted,low,09a083624c4f84ccae99165d4091e7c5403aaf9ae44329a9349b4d59b4095436,bank_sha256=ce9228b2a3224fcb39bb4d28eaa7bd7818681829adc08807daac44c1956ddbde; entropy=6.321465; unique_bytes=256; zero_bytes=3040; ff_bytes=1101
0x3f,0x0fc000,0x0fffff,0x4000,0x7fff,unclassified,fingerprinted,low,09a083624c4f84ccae99165d4091e7c5403aaf9ae44329a9349b4d59b4095436,bank_sha256=8748086e603367d1cf142d4547c31a269b08a619b6ad25cb8f23e75d78644097; entropy=7.032484; unique_bytes=256; zero_bytes=1149; ff_bytes=432
